{"cameraMode":{"drawMode":0,"name":"Shaded","section":"Shading Mode"},"sceneLighting":true,"audioPlay":false,"sceneViewState":{"showFog":true,"showMaterialUpdate":false,"showSkybox":true,"showFlares":true,"showImageEffects":true,"showParticleSystems":true},"in2DMode":false,"pivot":{"x":11.388957023620606,"y":8.451580047607422,"z":9.456130027770996},"rotation":{"x":-0.03707020357251167,"y":0.14933308959007264,"z":0.005602616351097822,"w":0.9880759716033936},"size":34.55533981323242,"orthographic":false}