{"cameraMode":{"drawMode":0,"name":"Shaded","section":"Shading Mode"},"sceneLighting":false,"audioPlay":false,"sceneViewState":{"showFog":true,"showMaterialUpdate":false,"showSkybox":true,"showFlares":true,"showImageEffects":true,"showParticleSystems":true},"in2DMode":false,"pivot":{"x":0.0,"y":1.2734296321868897,"z":11.170000076293946},"rotation":{"x":0.0021021110005676748,"y":0.001499595702625811,"z":-8.299914497911232e-7,"w":0.9999966621398926},"size":18.384113311767579,"orthographic":true}