{"cameraMode":{"drawMode":0,"name":"Shaded","section":"Shading Mode"},"sceneLighting":true,"audioPlay":false,"sceneViewState":{"showFog":true,"showMaterialUpdate":false,"showSkybox":true,"showFlares":true,"showImageEffects":true,"showParticleSystems":true},"in2DMode":false,"pivot":{"x":-2.7496156692504885,"y":-2.191314220428467,"z":16.556732177734376},"rotation":{"x":0.24747546017169953,"y":-0.5017542839050293,"z":0.1524106115102768,"w":0.8147205710411072},"size":22.0,"orthographic":false}