{"cameraMode":{"drawMode":0,"name":"Shaded","section":"Shading Mode"},"sceneLighting":true,"audioPlay":false,"sceneViewState":{"showFog":true,"showMaterialUpdate":false,"showSkybox":true,"showFlares":true,"showImageEffects":true,"showParticleSystems":true},"in2DMode":false,"pivot":{"x":-2.4462997913360597,"y":-4.384917736053467,"z":22.848316192626954},"rotation":{"x":0.24718274176120759,"y":-0.030516505241394044,"z":0.007789090275764465,"w":0.9684569239616394},"size":57.92236328125,"orthographic":false}