{"cameraMode":{"drawMode":0,"name":"Shaded","section":"Shading Mode"},"sceneLighting":true,"audioPlay":false,"sceneViewState":{"showFog":true,"showMaterialUpdate":false,"showSkybox":true,"showFlares":true,"showImageEffects":true,"showParticleSystems":true},"in2DMode":false,"pivot":{"x":-3.103301525115967,"y":1.1614162921905518,"z":5.9461870193481449},"rotation":{"x":-0.11495082825422287,"y":0.7115746140480042,"z":-0.11981084197759628,"w":-0.6827102303504944},"size":59.4600715637207,"orthographic":false}